danceability,energy,key,loudness,mode,speechiness,acousticness,instrumentalness,liveness,valence,tempo,type,id,uri,track_href,analysis_url,duration_ms,time_signature
0.708,0.356,1,-9.738,1,0.075,0.437,6.54e-05,0.112,0.569,83.679,audio_features,4VhqKzBeAlhTjLYZr0oJx8,spotify:track:4VhqKzBeAlhTjLYZr0oJx8,https://api.spotify.com/v1/tracks/4VhqKzBeAlhTjLYZr0oJx8,https://api.spotify.com/v1/audio-analysis/4VhqKzBeAlhTjLYZr0oJx8,263185,4
0.347,0.589,0,-12.56,0,0.0536,0.0158,1.47e-06,0.164,0.324,127.773,audio_features,69xDSf90ojJ6kDVKtVN7Zz,spotify:track:69xDSf90ojJ6kDVKtVN7Zz,https://api.spotify.com/v1/tracks/69xDSf90ojJ6kDVKtVN7Zz,https://api.spotify.com/v1/audio-analysis/69xDSf90ojJ6kDVKtVN7Zz,196905,4
0.813,0.343,1,-12.647,1,0.275,0.339,0.0,0.106,0.392,87.995,audio_features,0ntAdrRd2ferE32aw637e9,spotify:track:0ntAdrRd2ferE32aw637e9,https://api.spotify.com/v1/tracks/0ntAdrRd2ferE32aw637e9,https://api.spotify.com/v1/audio-analysis/0ntAdrRd2ferE32aw637e9,218601,4
0.478,0.618,7,-10.906,1,0.0497,0.0635,2.23e-05,0.144,0.392,125.931,audio_features,6uNZqCZA0hWFOaRfT9EmQN,spotify:track:6uNZqCZA0hWFOaRfT9EmQN,https://api.spotify.com/v1/tracks/6uNZqCZA0hWFOaRfT9EmQN,https://api.spotify.com/v1/audio-analysis/6uNZqCZA0hWFOaRfT9EmQN,208333,4
0.624,0.516,7,-8.619,1,0.0302,0.455,0.000189,0.334,0.363,86.999,audio_features,3dKG1vk1DMZqjFk1BdxuOu,spotify:track:3dKG1vk1DMZqjFk1BdxuOu,https://api.spotify.com/v1/tracks/3dKG1vk1DMZqjFk1BdxuOu,https://api.spotify.com/v1/audio-analysis/3dKG1vk1DMZqjFk1BdxuOu,234545,4
0.514,0.613,6,-11.254,0,0.0465,0.00726,0.0,0.075,0.404,125.95,audio_features,4ssKWILByACk0MOoYuST0d,spotify:track:4ssKWILByACk0MOoYuST0d,https://api.spotify.com/v1/tracks/4ssKWILByACk0MOoYuST0d,https://api.spotify.com/v1/audio-analysis/4ssKWILByACk0MOoYuST0d,192056,4
0.634,0.737,5,-9.231,0,0.0665,0.014,0.000635,0.613,0.502,127.992,audio_features,7AoELatxdQIMzj1ibWY1uQ,spotify:track:7AoELatxdQIMzj1ibWY1uQ,https://api.spotify.com/v1/tracks/7AoELatxdQIMzj1ibWY1uQ,https://api.spotify.com/v1/audio-analysis/7AoELatxdQIMzj1ibWY1uQ,217098,4
0.627,0.679,7,-9.177,0,0.0481,0.0174,2.64e-05,0.104,0.65,127.99,audio_features,5aFOgOdZrAkgVBHXXkrEtg,spotify:track:5aFOgOdZrAkgVBHXXkrEtg,https://api.spotify.com/v1/tracks/5aFOgOdZrAkgVBHXXkrEtg,https://api.spotify.com/v1/audio-analysis/5aFOgOdZrAkgVBHXXkrEtg,248379,4
0.569,0.743,7,-9.533,0,0.0537,0.428,0.0207,0.108,0.34,127.931,audio_features,1pV5F1gPG8GGicwWpUbnRg,spotify:track:1pV5F1gPG8GGicwWpUbnRg,https://api.spotify.com/v1/tracks/1pV5F1gPG8GGicwWpUbnRg,https://api.spotify.com/v1/audio-analysis/1pV5F1gPG8GGicwWpUbnRg,259716,4
0.662,0.54,1,-10.987,1,0.0429,0.00195,0.000441,0.0452,0.385,127.966,audio_features,0eSrE69Vn9h7fGt3elcsOg,spotify:track:0eSrE69Vn9h7fGt3elcsOg,https://api.spotify.com/v1/tracks/0eSrE69Vn9h7fGt3elcsOg,https://api.spotify.com/v1/audio-analysis/0eSrE69Vn9h7fGt3elcsOg,262734,4
0.501,0.604,0,-10.629,0,0.0463,0.651,1.53e-05,0.799,0.401,128.012,audio_features,7KNP9hgSCOMfrcUXyWIXsY,spotify:track:7KNP9hgSCOMfrcUXyWIXsY,https://api.spotify.com/v1/tracks/7KNP9hgSCOMfrcUXyWIXsY,https://api.spotify.com/v1/audio-analysis/7KNP9hgSCOMfrcUXyWIXsY,290832,4
0.682,0.301,8,-9.118,0,0.0327,0.559,2.63e-06,0.0987,0.32,104.023,audio_features,36yzu4OVMizmwxR6aF1BKe,spotify:track:36yzu4OVMizmwxR6aF1BKe,https://api.spotify.com/v1/tracks/36yzu4OVMizmwxR6aF1BKe,https://api.spotify.com/v1/audio-analysis/36yzu4OVMizmwxR6aF1BKe,185769,4
0.759,0.391,9,-10.226,1,0.0951,0.707,9.33e-06,0.113,0.065,89.021,audio_features,7k84kEsaOAb5yyV5GrpEDf,spotify:track:7k84kEsaOAb5yyV5GrpEDf,https://api.spotify.com/v1/tracks/7k84kEsaOAb5yyV5GrpEDf,https://api.spotify.com/v1/audio-analysis/7k84kEsaOAb5yyV5GrpEDf,211853,4
0.602,0.481,8,-13.389,1,0.0547,0.68,0.00363,0.105,0.119,109.955,audio_features,6PAaQ0LksrRgKd9PJJsi6g,spotify:track:6PAaQ0LksrRgKd9PJJsi6g,https://api.spotify.com/v1/tracks/6PAaQ0LksrRgKd9PJJsi6g,https://api.spotify.com/v1/audio-analysis/6PAaQ0LksrRgKd9PJJsi6g,230182,4
0.577,0.141,2,-19.693,1,0.397,0.943,0.0,0.894,0.609,150.859,audio_features,4ffbYaMr3WUNJS8fNaZEXe,spotify:track:4ffbYaMr3WUNJS8fNaZEXe,https://api.spotify.com/v1/tracks/4ffbYaMr3WUNJS8fNaZEXe,https://api.spotify.com/v1/audio-analysis/4ffbYaMr3WUNJS8fNaZEXe,60070,3
0.284,0.266,5,-13.826,1,0.0349,0.931,0.0,0.341,0.325,171.911,audio_features,0PZO1Ih1qTQawy5Wc9B7zy,spotify:track:0PZO1Ih1qTQawy5Wc9B7zy,https://api.spotify.com/v1/tracks/0PZO1Ih1qTQawy5Wc9B7zy,https://api.spotify.com/v1/audio-analysis/0PZO1Ih1qTQawy5Wc9B7zy,538000,3
0.673,0.804,11,-4.679,1,0.0364,0.699,7.14e-06,0.494,0.626,103.453,audio_features,0YJh0FfXny18pTQWisqSFW,spotify:track:0YJh0FfXny18pTQWisqSFW,https://api.spotify.com/v1/tracks/0YJh0FfXny18pTQWisqSFW,https://api.spotify.com/v1/audio-analysis/0YJh0FfXny18pTQWisqSFW,247589,4
0.502,0.029,0,-29.707,1,0.212,0.858,0.0,0.416,0.696,117.113,audio_features,0PdA1dczBm4aZW7ZBQAcTh,spotify:track:0PdA1dczBm4aZW7ZBQAcTh,https://api.spotify.com/v1/tracks/0PdA1dczBm4aZW7ZBQAcTh,https://api.spotify.com/v1/audio-analysis/0PdA1dczBm4aZW7ZBQAcTh,35333,5
0.533,0.624,10,-3.751,0,0.0308,0.332,0.0,0.0855,0.576,146.009,audio_features,1pc9gHdbIIID1v4ycwZSTr,spotify:track:1pc9gHdbIIID1v4ycwZSTr,https://api.spotify.com/v1/tracks/1pc9gHdbIIID1v4ycwZSTr,https://api.spotify.com/v1/audio-analysis/1pc9gHdbIIID1v4ycwZSTr,458240,3
0.569,0.22,7,-13.332,1,0.637,0.952,0.0,0.183,0.486,198.511,audio_features,7DnTj1wmEi983sqG5C70dR,spotify:track:7DnTj1wmEi983sqG5C70dR,https://api.spotify.com/v1/tracks/7DnTj1wmEi983sqG5C70dR,https://api.spotify.com/v1/audio-analysis/7DnTj1wmEi983sqG5C70dR,151840,5
0.431,0.741,0,-6.211,0,0.0442,0.669,3.84e-05,0.296,0.823,92.753,audio_features,1eH4sOhUg02F0dUgYMosKW,spotify:track:1eH4sOhUg02F0dUgYMosKW,https://api.spotify.com/v1/tracks/1eH4sOhUg02F0dUgYMosKW,https://api.spotify.com/v1/audio-analysis/1eH4sOhUg02F0dUgYMosKW,286616,4
0.681,0.137,8,-14.68,1,0.934,0.712,0.0,0.919,0.354,99.079,audio_features,0hGRY2ky4tLHiyygDv7dAI,spotify:track:0hGRY2ky4tLHiyygDv7dAI,https://api.spotify.com/v1/tracks/0hGRY2ky4tLHiyygDv7dAI,https://api.spotify.com/v1/audio-analysis/0hGRY2ky4tLHiyygDv7dAI,319413,4
0.462,0.0417,8,-24.903,0,0.0376,0.983,0.0119,0.106,0.381,159.971,audio_features,0ts0pT8qDPQ3ZN5nSxeQ9o,spotify:track:0ts0pT8qDPQ3ZN5nSxeQ9o,https://api.spotify.com/v1/tracks/0ts0pT8qDPQ3ZN5nSxeQ9o,https://api.spotify.com/v1/audio-analysis/0ts0pT8qDPQ3ZN5nSxeQ9o,72900,4
0.36,0.755,3,-6.312,0,0.0499,0.555,3.22e-06,0.411,0.546,112.812,audio_features,5DE0ceOgboD8TexJ2RAQI4,spotify:track:5DE0ceOgboD8TexJ2RAQI4,https://api.spotify.com/v1/tracks/5DE0ceOgboD8TexJ2RAQI4,https://api.spotify.com/v1/audio-analysis/5DE0ceOgboD8TexJ2RAQI4,516227,4
0.563,0.127,2,-19.876,1,0.233,0.956,0.0,0.763,0.542,88.318,audio_features,4QkYy3vJL0f7V7FFiXDUBW,spotify:track:4QkYy3vJL0f7V7FFiXDUBW,https://api.spotify.com/v1/tracks/4QkYy3vJL0f7V7FFiXDUBW,https://api.spotify.com/v1/audio-analysis/4QkYy3vJL0f7V7FFiXDUBW,77111,4
0.542,0.575,5,-7.415,0,0.0838,0.672,0.0,0.599,0.557,128.337,audio_features,1wioum7lbXLxyx1xcuOuzd,spotify:track:1wioum7lbXLxyx1xcuOuzd,https://api.spotify.com/v1/tracks/1wioum7lbXLxyx1xcuOuzd,https://api.spotify.com/v1/audio-analysis/1wioum7lbXLxyx1xcuOuzd,576389,4
0.638,0.159,7,-15.885,1,0.651,0.913,0.0,0.238,0.305,98.648,audio_features,1T5dFfZk4QjBPkkEDUibzn,spotify:track:1T5dFfZk4QjBPkkEDUibzn,https://api.spotify.com/v1/tracks/1T5dFfZk4QjBPkkEDUibzn,https://api.spotify.com/v1/audio-analysis/1T5dFfZk4QjBPkkEDUibzn,146000,3
0.675,0.626,5,-6.196,0,0.0486,0.485,1.38e-06,0.233,0.237,171.925,audio_features,04AfqcZXFN3bw5gYDs5h7e,spotify:track:04AfqcZXFN3bw5gYDs5h7e,https://api.spotify.com/v1/tracks/04AfqcZXFN3bw5gYDs5h7e,https://api.spotify.com/v1/audio-analysis/04AfqcZXFN3bw5gYDs5h7e,400990,4
0.584,0.129,8,-20.535,0,0.348,0.941,0.0,0.101,0.294,111.142,audio_features,33mY8rEEPEgvai3Gjtiaff,spotify:track:33mY8rEEPEgvai3Gjtiaff,https://api.spotify.com/v1/tracks/33mY8rEEPEgvai3Gjtiaff,https://api.spotify.com/v1/audio-analysis/33mY8rEEPEgvai3Gjtiaff,162693,4
0.609,0.42,9,-11.724,1,0.347,0.885,0.0,0.362,0.487,66.47,audio_features,1CbJaq9xOfKtuwAYe6QgaQ,spotify:track:1CbJaq9xOfKtuwAYe6QgaQ,https://api.spotify.com/v1/tracks/1CbJaq9xOfKtuwAYe6QgaQ,https://api.spotify.com/v1/audio-analysis/1CbJaq9xOfKtuwAYe6QgaQ,124791,5
0.646,0.135,5,-20.02,0,0.885,0.667,0.0,0.0826,0.291,92.182,audio_features,7aTmaxFZTVb80N3fIEA8qv,spotify:track:7aTmaxFZTVb80N3fIEA8qv,https://api.spotify.com/v1/tracks/7aTmaxFZTVb80N3fIEA8qv,https://api.spotify.com/v1/audio-analysis/7aTmaxFZTVb80N3fIEA8qv,158333,3
0.287,0.539,3,-8.221,0,0.0505,0.883,0.0646,0.16,0.379,155.687,audio_features,47d5DMO2WRxoRBokuRhkOU,spotify:track:47d5DMO2WRxoRBokuRhkOU,https://api.spotify.com/v1/tracks/47d5DMO2WRxoRBokuRhkOU,https://api.spotify.com/v1/audio-analysis/47d5DMO2WRxoRBokuRhkOU,301296,3
0.581,0.184,1,-17.017,1,0.76,0.76,0.0,0.335,0.627,138.157,audio_features,317XFCK4BLVKdap1wF0DgH,spotify:track:317XFCK4BLVKdap1wF0DgH,https://api.spotify.com/v1/tracks/317XFCK4BLVKdap1wF0DgH,https://api.spotify.com/v1/audio-analysis/317XFCK4BLVKdap1wF0DgH,60987,5
0.483,0.673,8,-5.927,1,0.0354,0.573,0.0,0.352,0.723,134.65,audio_features,6elY5Bh6CZ7L3Wlux1KQLu,spotify:track:6elY5Bh6CZ7L3Wlux1KQLu,https://api.spotify.com/v1/tracks/6elY5Bh6CZ7L3Wlux1KQLu,https://api.spotify.com/v1/audio-analysis/6elY5Bh6CZ7L3Wlux1KQLu,447402,4
0.592,0.218,11,-19.95,0,0.677,0.942,3.44e-06,0.511,0.447,36.317,audio_features,5LnivUBCptvqg1HOeTSebQ,spotify:track:5LnivUBCptvqg1HOeTSebQ,https://api.spotify.com/v1/tracks/5LnivUBCptvqg1HOeTSebQ,https://api.spotify.com/v1/audio-analysis/5LnivUBCptvqg1HOeTSebQ,53920,4
0.368,0.439,10,-7.16,1,0.0344,0.831,2.27e-06,0.121,0.616,77.948,audio_features,193vqVFl1Ug2bBEelVx0QN,spotify:track:193vqVFl1Ug2bBEelVx0QN,https://api.spotify.com/v1/tracks/193vqVFl1Ug2bBEelVx0QN,https://api.spotify.com/v1/audio-analysis/193vqVFl1Ug2bBEelVx0QN,329750,4
0.653,0.138,7,-18.36,1,0.408,0.819,0.0,0.897,0.621,77.718,audio_features,0d3xraDExoMnGEwNzxzNs0,spotify:track:0d3xraDExoMnGEwNzxzNs0,https://api.spotify.com/v1/tracks/0d3xraDExoMnGEwNzxzNs0,https://api.spotify.com/v1/audio-analysis/0d3xraDExoMnGEwNzxzNs0,85493,4
0.353,0.47,8,-13.729,1,0.0425,0.292,0.0,0.413,0.557,75.791,audio_features,2vf093vSCgA2bzBMn3IybJ,spotify:track:2vf093vSCgA2bzBMn3IybJ,https://api.spotify.com/v1/tracks/2vf093vSCgA2bzBMn3IybJ,https://api.spotify.com/v1/audio-analysis/2vf093vSCgA2bzBMn3IybJ,502053,4
0.704,0.244,7,-16.732,1,0.655,0.962,0.0,0.781,0.308,129.367,audio_features,3x4BbfFw8qQYgVy6EWtSYK,spotify:track:3x4BbfFw8qQYgVy6EWtSYK,https://api.spotify.com/v1/tracks/3x4BbfFw8qQYgVy6EWtSYK,https://api.spotify.com/v1/audio-analysis/3x4BbfFw8qQYgVy6EWtSYK,171787,3
0.404,0.822,3,-5.197,1,0.0447,0.359,0.0,0.34,0.773,96.936,audio_features,6x8sB98N3qdO1N8uVaYmtW,spotify:track:6x8sB98N3qdO1N8uVaYmtW,https://api.spotify.com/v1/tracks/6x8sB98N3qdO1N8uVaYmtW,https://api.spotify.com/v1/audio-analysis/6x8sB98N3qdO1N8uVaYmtW,496953,4
0.61,0.0455,8,-22.797,1,0.287,0.695,0.0,0.095,0.237,114.389,audio_features,7zHCMJp3N7amEISZ5OcEhY,spotify:track:7zHCMJp3N7amEISZ5OcEhY,https://api.spotify.com/v1/tracks/7zHCMJp3N7amEISZ5OcEhY,https://api.spotify.com/v1/audio-analysis/7zHCMJp3N7amEISZ5OcEhY,133160,3
0.527,0.35,6,-15.339,0,0.0423,0.716,0.0,0.0709,0.685,116.78,audio_features,5ozrde9hfAamlaIFJT1T8r,spotify:track:5ozrde9hfAamlaIFJT1T8r,https://api.spotify.com/v1/tracks/5ozrde9hfAamlaIFJT1T8r,https://api.spotify.com/v1/audio-analysis/5ozrde9hfAamlaIFJT1T8r,245688,3
0.686,0.105,8,-17.462,1,0.39,0.931,0.0,0.0979,0.448,132.033,audio_features,1rl7sFAPo4t0JAkhKoYV7A,spotify:track:1rl7sFAPo4t0JAkhKoYV7A,https://api.spotify.com/v1/tracks/1rl7sFAPo4t0JAkhKoYV7A,https://api.spotify.com/v1/audio-analysis/1rl7sFAPo4t0JAkhKoYV7A,88093,4
0.627,0.89,1,-3.749,1,0.0476,0.077,0.0,0.0902,0.911,110.075,audio_features,64PJeDWliOl6bwWaxIQn6F,spotify:track:64PJeDWliOl6bwWaxIQn6F,https://api.spotify.com/v1/tracks/64PJeDWliOl6bwWaxIQn6F,https://api.spotify.com/v1/audio-analysis/64PJeDWliOl6bwWaxIQn6F,460668,4
0.681,0.26,7,-18.629,1,0.526,0.886,0.0,0.742,0.505,100.886,audio_features,1ghcwz4Txxg2T2MQ8WHebX,spotify:track:1ghcwz4Txxg2T2MQ8WHebX,https://api.spotify.com/v1/tracks/1ghcwz4Txxg2T2MQ8WHebX,https://api.spotify.com/v1/audio-analysis/1ghcwz4Txxg2T2MQ8WHebX,408493,3
0.344,0.563,8,-12.202,1,0.0351,0.587,2.2e-06,0.181,0.793,142.374,audio_features,3zNRofZkrBFkMKR623dYPD,spotify:track:3zNRofZkrBFkMKR623dYPD,https://api.spotify.com/v1/tracks/3zNRofZkrBFkMKR623dYPD,https://api.spotify.com/v1/audio-analysis/3zNRofZkrBFkMKR623dYPD,620611,3
0.548,0.168,2,-18.083,1,0.425,0.935,0.0,0.185,0.393,171.653,audio_features,7yUkqS4363IdoeYcxGsF7p,spotify:track:7yUkqS4363IdoeYcxGsF7p,https://api.spotify.com/v1/tracks/7yUkqS4363IdoeYcxGsF7p,https://api.spotify.com/v1/audio-analysis/7yUkqS4363IdoeYcxGsF7p,83351,3
0.6,0.462,11,-14.605,0,0.0421,0.668,3.09e-05,0.365,0.912,91.676,audio_features,7A3eu2OwcCa2UED72HOHec,spotify:track:7A3eu2OwcCa2UED72HOHec,https://api.spotify.com/v1/tracks/7A3eu2OwcCa2UED72HOHec,https://api.spotify.com/v1/audio-analysis/7A3eu2OwcCa2UED72HOHec,190704,4
0.737,0.147,0,-17.551,1,0.597,0.942,0.0,0.38,0.562,84.456,audio_features,3u6HUbdQXUKczfhWpWkFqf,spotify:track:3u6HUbdQXUKczfhWpWkFqf,https://api.spotify.com/v1/tracks/3u6HUbdQXUKczfhWpWkFqf,https://api.spotify.com/v1/audio-analysis/3u6HUbdQXUKczfhWpWkFqf,84280,3
0.499,0.863,10,-5.625,0,0.0425,0.653,0.000826,0.542,0.938,157.382,audio_features,6ITfp546tBBvFzG1qX8vXl,spotify:track:6ITfp546tBBvFzG1qX8vXl,https://api.spotify.com/v1/tracks/6ITfp546tBBvFzG1qX8vXl,https://api.spotify.com/v1/audio-analysis/6ITfp546tBBvFzG1qX8vXl,339853,3
0.527,0.0832,7,-28.689,1,0.746,0.965,0.0,0.628,0.493,84.626,audio_features,0UEOWhqgVQ1LycrCAEdSQq,spotify:track:0UEOWhqgVQ1LycrCAEdSQq,https://api.spotify.com/v1/tracks/0UEOWhqgVQ1LycrCAEdSQq,https://api.spotify.com/v1/audio-analysis/0UEOWhqgVQ1LycrCAEdSQq,108307,3
0.54,0.667,3,-9.207,1,0.122,0.302,0.0,0.192,0.76,120.645,audio_features,6GJjQjCQdzAsewmsmGuXDb,spotify:track:6GJjQjCQdzAsewmsmGuXDb,https://api.spotify.com/v1/tracks/6GJjQjCQdzAsewmsmGuXDb,https://api.spotify.com/v1/audio-analysis/6GJjQjCQdzAsewmsmGuXDb,369205,4
0.263,0.0727,3,-25.666,1,0.136,0.977,0.0331,0.115,0.0384,167.624,audio_features,4PwPsWXPj5HEizjALlGnJD,spotify:track:4PwPsWXPj5HEizjALlGnJD,https://api.spotify.com/v1/tracks/4PwPsWXPj5HEizjALlGnJD,https://api.spotify.com/v1/audio-analysis/4PwPsWXPj5HEizjALlGnJD,106627,4
0.376,0.388,9,-14.869,0,0.0438,0.825,0.0,0.124,0.511,128.335,audio_features,4NdcmazzHZlFyUMzx5vEnT,spotify:track:4NdcmazzHZlFyUMzx5vEnT,https://api.spotify.com/v1/tracks/4NdcmazzHZlFyUMzx5vEnT,https://api.spotify.com/v1/audio-analysis/4NdcmazzHZlFyUMzx5vEnT,193008,4
0.695,0.2,7,-17.756,1,0.766,0.97,0.0,0.671,0.371,127.17,audio_features,54D1Yqn4lnr6ltTVVRXqbZ,spotify:track:54D1Yqn4lnr6ltTVVRXqbZ,https://api.spotify.com/v1/tracks/54D1Yqn4lnr6ltTVVRXqbZ,https://api.spotify.com/v1/audio-analysis/54D1Yqn4lnr6ltTVVRXqbZ,173720,3
0.496,0.448,10,-15.027,1,0.0565,0.653,0.00463,0.217,0.357,118.041,audio_features,6xO3SmNmVtaygvN66l0tAT,spotify:track:6xO3SmNmVtaygvN66l0tAT,https://api.spotify.com/v1/tracks/6xO3SmNmVtaygvN66l0tAT,https://api.spotify.com/v1/audio-analysis/6xO3SmNmVtaygvN66l0tAT,238528,3
0.665,0.166,2,-21.577,1,0.849,0.955,0.0,0.506,0.362,104.232,audio_features,0GSvD0YpFGvZVklr7o6ecP,spotify:track:0GSvD0YpFGvZVklr7o6ecP,https://api.spotify.com/v1/tracks/0GSvD0YpFGvZVklr7o6ecP,https://api.spotify.com/v1/audio-analysis/0GSvD0YpFGvZVklr7o6ecP,257000,3
0.406,0.914,3,-2.525,1,0.0511,0.579,0.0,0.265,0.866,98.565,audio_features,2J9XyOO4UPrCicx550PFUW,spotify:track:2J9XyOO4UPrCicx550PFUW,https://api.spotify.com/v1/tracks/2J9XyOO4UPrCicx550PFUW,https://api.spotify.com/v1/audio-analysis/2J9XyOO4UPrCicx550PFUW,401797,4
0.61,0.18,8,-20.031,1,0.937,0.966,0.0,0.717,0.509,82.524,audio_features,6PPuHWfuEHBUadTl7F2t2X,spotify:track:6PPuHWfuEHBUadTl7F2t2X,https://api.spotify.com/v1/tracks/6PPuHWfuEHBUadTl7F2t2X,https://api.spotify.com/v1/audio-analysis/6PPuHWfuEHBUadTl7F2t2X,422079,4
0.503,0.281,10,-17.104,1,0.0499,0.777,3.86e-06,0.529,0.692,78.91,audio_features,7okrCf19RJ23HKUjoMBKp3,spotify:track:7okrCf19RJ23HKUjoMBKp3,https://api.spotify.com/v1/tracks/7okrCf19RJ23HKUjoMBKp3,https://api.spotify.com/v1/audio-analysis/7okrCf19RJ23HKUjoMBKp3,267768,4
0.703,0.216,0,-16.399,1,0.744,0.923,0.0,0.604,0.3,131.314,audio_features,3GdDZkdlcpDGg7SXRsryXu,spotify:track:3GdDZkdlcpDGg7SXRsryXu,https://api.spotify.com/v1/tracks/3GdDZkdlcpDGg7SXRsryXu,https://api.spotify.com/v1/audio-analysis/3GdDZkdlcpDGg7SXRsryXu,174510,5
0.49,0.884,1,-2.352,1,0.069,0.454,0.00974,0.294,0.905,109.738,audio_features,5xoIJBUdUJyiOoh0zOHisI,spotify:track:5xoIJBUdUJyiOoh0zOHisI,https://api.spotify.com/v1/tracks/5xoIJBUdUJyiOoh0zOHisI,https://api.spotify.com/v1/audio-analysis/5xoIJBUdUJyiOoh0zOHisI,212555,4
0.53,0.14,5,-21.314,0,0.497,0.986,6.33e-06,0.251,0.412,76.767,audio_features,1KYoilQGV0yk8sKJ7D01fz,spotify:track:1KYoilQGV0yk8sKJ7D01fz,https://api.spotify.com/v1/tracks/1KYoilQGV0yk8sKJ7D01fz,https://api.spotify.com/v1/audio-analysis/1KYoilQGV0yk8sKJ7D01fz,200827,3
0.483,0.892,6,-3.613,0,0.0506,0.349,2.96e-06,0.0873,0.796,108.183,audio_features,26ZFZvJ2pRFRxyAZ2XmmUg,spotify:track:26ZFZvJ2pRFRxyAZ2XmmUg,https://api.spotify.com/v1/tracks/26ZFZvJ2pRFRxyAZ2XmmUg,https://api.spotify.com/v1/audio-analysis/26ZFZvJ2pRFRxyAZ2XmmUg,557113,4
0.806,0.581,2,-8.411,1,0.0473,0.724,0.000125,0.0585,0.965,114.841,audio_features,1refYakpJVOSfpl4dxpx7V,spotify:track:1refYakpJVOSfpl4dxpx7V,https://api.spotify.com/v1/tracks/1refYakpJVOSfpl4dxpx7V,https://api.spotify.com/v1/audio-analysis/1refYakpJVOSfpl4dxpx7V,295262,4
0.524,0.319,0,-12.712,1,0.0294,0.651,0.00139,0.14,0.32,141.683,audio_features,7kR5D9lfPFXTQbO9wxAWXu,spotify:track:7kR5D9lfPFXTQbO9wxAWXu,https://api.spotify.com/v1/tracks/7kR5D9lfPFXTQbO9wxAWXu,https://api.spotify.com/v1/audio-analysis/7kR5D9lfPFXTQbO9wxAWXu,141042,4
0.498,0.409,10,-10.831,1,0.0353,0.948,0.00216,0.079,0.601,87.934,audio_features,3Q1zmxMBh1qIV3kQgWCAye,spotify:track:3Q1zmxMBh1qIV3kQgWCAye,https://api.spotify.com/v1/tracks/3Q1zmxMBh1qIV3kQgWCAye,https://api.spotify.com/v1/audio-analysis/3Q1zmxMBh1qIV3kQgWCAye,329889,4
0.635,0.42,10,-12.174,1,0.03,0.576,2.94e-05,0.286,0.718,139.641,audio_features,2ufcdsxrATfRgtPOrCmYGm,spotify:track:2ufcdsxrATfRgtPOrCmYGm,https://api.spotify.com/v1/tracks/2ufcdsxrATfRgtPOrCmYGm,https://api.spotify.com/v1/audio-analysis/2ufcdsxrATfRgtPOrCmYGm,540120,4
0.591,0.462,5,-9.77,1,0.0281,0.64,6.44e-05,0.108,0.323,114.02,audio_features,1Dw8GkFpFjUpNTUpfF5lee,spotify:track:1Dw8GkFpFjUpNTUpfF5lee,https://api.spotify.com/v1/tracks/1Dw8GkFpFjUpNTUpfF5lee,https://api.spotify.com/v1/audio-analysis/1Dw8GkFpFjUpNTUpfF5lee,282687,4
0.399,0.871,5,-1.373,1,0.0556,0.514,6.04e-05,0.762,0.621,103.161,audio_features,4ZsYRQhNbDJZjpZ95g1mec,spotify:track:4ZsYRQhNbDJZjpZ95g1mec,https://api.spotify.com/v1/tracks/4ZsYRQhNbDJZjpZ95g1mec,https://api.spotify.com/v1/audio-analysis/4ZsYRQhNbDJZjpZ95g1mec,390000,4
0.737,0.81,10,-5.656,0,0.0727,0.0762,0.0,0.0972,0.784,132.03,audio_features,49V1RI3KW6b8FLTxRHMS7z,spotify:track:49V1RI3KW6b8FLTxRHMS7z,https://api.spotify.com/v1/tracks/49V1RI3KW6b8FLTxRHMS7z,https://api.spotify.com/v1/audio-analysis/49V1RI3KW6b8FLTxRHMS7z,325455,4
0.479,0.521,10,-10.94,1,0.029,0.706,0.00208,0.14,0.524,95.302,audio_features,67aukea21L3LxakYBj64zn,spotify:track:67aukea21L3LxakYBj64zn,https://api.spotify.com/v1/tracks/67aukea21L3LxakYBj64zn,https://api.spotify.com/v1/audio-analysis/67aukea21L3LxakYBj64zn,398120,4
0.42,0.352,9,-8.499,1,0.0304,0.839,1.98e-06,0.378,0.606,97.457,audio_features,2781rRlKpxmTdagiD23miM,spotify:track:2781rRlKpxmTdagiD23miM,https://api.spotify.com/v1/tracks/2781rRlKpxmTdagiD23miM,https://api.spotify.com/v1/audio-analysis/2781rRlKpxmTdagiD23miM,394266,4
0.398,0.298,7,-10.872,1,0.0286,0.773,1.53e-05,0.0608,0.347,135.156,audio_features,0dUvKIQzOkofLditZUWbJY,spotify:track:0dUvKIQzOkofLditZUWbJY,https://api.spotify.com/v1/tracks/0dUvKIQzOkofLditZUWbJY,https://api.spotify.com/v1/audio-analysis/0dUvKIQzOkofLditZUWbJY,334453,3
0.585,0.329,1,-9.814,1,0.0389,0.897,0.0,0.207,0.783,140.646,audio_features,6jRCPOhoxKst7JdDqW8Ui9,spotify:track:6jRCPOhoxKst7JdDqW8Ui9,https://api.spotify.com/v1/tracks/6jRCPOhoxKst7JdDqW8Ui9,https://api.spotify.com/v1/audio-analysis/6jRCPOhoxKst7JdDqW8Ui9,294478,3
0.564,0.632,8,-8.143,1,0.145,0.563,1.31e-06,0.103,0.532,182.063,audio_features,4rP97uZJ2DdqIGPIvVyeiO,spotify:track:4rP97uZJ2DdqIGPIvVyeiO,https://api.spotify.com/v1/tracks/4rP97uZJ2DdqIGPIvVyeiO,https://api.spotify.com/v1/audio-analysis/4rP97uZJ2DdqIGPIvVyeiO,158000,3
0.288,0.657,1,-8.279,1,0.0416,0.579,2e-05,0.334,0.587,114.606,audio_features,62dHyLuB4sW13H0ZbJoTNp,spotify:track:62dHyLuB4sW13H0ZbJoTNp,https://api.spotify.com/v1/tracks/62dHyLuB4sW13H0ZbJoTNp,https://api.spotify.com/v1/audio-analysis/62dHyLuB4sW13H0ZbJoTNp,487158,3
0.632,0.408,0,-11.608,1,0.0399,0.293,0.388,0.0786,0.221,152.056,audio_features,1zFdFJ5WaNy2Y1vYClfTIi,spotify:track:1zFdFJ5WaNy2Y1vYClfTIi,https://api.spotify.com/v1/tracks/1zFdFJ5WaNy2Y1vYClfTIi,https://api.spotify.com/v1/audio-analysis/1zFdFJ5WaNy2Y1vYClfTIi,217895,4
0.222,0.108,5,-14.795,1,0.0348,0.976,1.08e-05,0.0888,0.18,82.053,audio_features,5dRlBLnbzIIJWtbbqrHFPN,spotify:track:5dRlBLnbzIIJWtbbqrHFPN,https://api.spotify.com/v1/tracks/5dRlBLnbzIIJWtbbqrHFPN,https://api.spotify.com/v1/audio-analysis/5dRlBLnbzIIJWtbbqrHFPN,625385,3
0.636,0.53,1,-9.469,1,0.198,0.7,0.000393,0.191,0.694,84.957,audio_features,76Ft5Sj31Z6cl4cN3VJYY3,spotify:track:76Ft5Sj31Z6cl4cN3VJYY3,https://api.spotify.com/v1/tracks/76Ft5Sj31Z6cl4cN3VJYY3,https://api.spotify.com/v1/audio-analysis/76Ft5Sj31Z6cl4cN3VJYY3,214691,4
0.599,0.693,1,-7.068,0,0.181,0.589,0.0,0.268,0.468,169.998,audio_features,4Dn28yuThDOwypgMoednQL,spotify:track:4Dn28yuThDOwypgMoednQL,https://api.spotify.com/v1/tracks/4Dn28yuThDOwypgMoednQL,https://api.spotify.com/v1/audio-analysis/4Dn28yuThDOwypgMoednQL,238746,4
0.479,0.269,11,-16.017,1,0.0321,0.537,0.0,0.142,0.177,105.782,audio_features,1etn7AiCgbOmCqjeTpVJjB,spotify:track:1etn7AiCgbOmCqjeTpVJjB,https://api.spotify.com/v1/tracks/1etn7AiCgbOmCqjeTpVJjB,https://api.spotify.com/v1/audio-analysis/1etn7AiCgbOmCqjeTpVJjB,188469,4
0.768,0.499,2,-8.559,1,0.453,0.417,0.0,0.131,0.432,79.951,audio_features,6jCfmdbz6riOFsvvS6UyVq,spotify:track:6jCfmdbz6riOFsvvS6UyVq,https://api.spotify.com/v1/tracks/6jCfmdbz6riOFsvvS6UyVq,https://api.spotify.com/v1/audio-analysis/6jCfmdbz6riOFsvvS6UyVq,284500,4
0.61,0.575,10,-7.905,1,0.037,0.485,3.13e-05,0.636,0.651,96.855,audio_features,18dKenvtOYXVZXQttYoRxS,spotify:track:18dKenvtOYXVZXQttYoRxS,https://api.spotify.com/v1/tracks/18dKenvtOYXVZXQttYoRxS,https://api.spotify.com/v1/audio-analysis/18dKenvtOYXVZXQttYoRxS,558682,4
0.629,0.518,0,-11.634,1,0.0367,0.363,8.18e-06,0.171,0.65,129.279,audio_features,45D8loM5s6t30OcqRZ54e9,spotify:track:45D8loM5s6t30OcqRZ54e9,https://api.spotify.com/v1/tracks/45D8loM5s6t30OcqRZ54e9,https://api.spotify.com/v1/audio-analysis/45D8loM5s6t30OcqRZ54e9,305253,4
0.536,0.597,5,-7.602,1,0.039,0.464,0.0,0.485,0.805,77.907,audio_features,4kJTzJYDuM1qZ5XwV1WtnA,spotify:track:4kJTzJYDuM1qZ5XwV1WtnA,https://api.spotify.com/v1/tracks/4kJTzJYDuM1qZ5XwV1WtnA,https://api.spotify.com/v1/audio-analysis/4kJTzJYDuM1qZ5XwV1WtnA,183634,4
0.625,0.133,1,-24.016,1,0.589,0.966,0.0,0.117,0.263,84.57,audio_features,33b0cFm7vkpUzRHQcchoQ9,spotify:track:33b0cFm7vkpUzRHQcchoQ9,https://api.spotify.com/v1/tracks/33b0cFm7vkpUzRHQcchoQ9,https://api.spotify.com/v1/audio-analysis/33b0cFm7vkpUzRHQcchoQ9,1768600,4
0.615,0.0542,10,-25.768,0,0.901,0.953,0.0,0.379,0.409,74.483,audio_features,1IkJTjOlgLA5E6VIaAKRDT,spotify:track:1IkJTjOlgLA5E6VIaAKRDT,https://api.spotify.com/v1/tracks/1IkJTjOlgLA5E6VIaAKRDT,https://api.spotify.com/v1/audio-analysis/1IkJTjOlgLA5E6VIaAKRDT,3343400,3
0.616,0.288,11,-16.793,0,0.753,0.979,0.00196,0.15,0.543,65.446,audio_features,0iL46ghqResQq9PKdIamTH,spotify:track:0iL46ghqResQq9PKdIamTH,https://api.spotify.com/v1/tracks/0iL46ghqResQq9PKdIamTH,https://api.spotify.com/v1/audio-analysis/0iL46ghqResQq9PKdIamTH,3612520,4
0.26,0.409,0,-9.99,1,0.0572,0.607,0.0322,0.126,0.111,75.118,audio_features,7Fa69Kkmy0VfPYsSRF7gyV,spotify:track:7Fa69Kkmy0VfPYsSRF7gyV,https://api.spotify.com/v1/tracks/7Fa69Kkmy0VfPYsSRF7gyV,https://api.spotify.com/v1/audio-analysis/7Fa69Kkmy0VfPYsSRF7gyV,155406,4
0.507,0.352,5,-11.417,1,0.153,0.342,0.0127,0.341,0.433,89.774,audio_features,3RRQtiQboov4P7ESKVDsRf,spotify:track:3RRQtiQboov4P7ESKVDsRf,https://api.spotify.com/v1/tracks/3RRQtiQboov4P7ESKVDsRf,https://api.spotify.com/v1/audio-analysis/3RRQtiQboov4P7ESKVDsRf,271637,4
0.456,0.746,11,-6.505,1,0.215,0.797,0.0,0.407,0.734,97.203,audio_features,2I3tlRJXVDuBDvfVOywwUU,spotify:track:2I3tlRJXVDuBDvfVOywwUU,https://api.spotify.com/v1/tracks/2I3tlRJXVDuBDvfVOywwUU,https://api.spotify.com/v1/audio-analysis/2I3tlRJXVDuBDvfVOywwUU,350667,4
0.344,0.295,0,-14.242,0,0.126,0.842,8.69e-06,0.242,0.448,80.236,audio_features,1FfFPgBmB0LMMM92FhPTI2,spotify:track:1FfFPgBmB0LMMM92FhPTI2,https://api.spotify.com/v1/tracks/1FfFPgBmB0LMMM92FhPTI2,https://api.spotify.com/v1/audio-analysis/1FfFPgBmB0LMMM92FhPTI2,214088,3
0.459,0.271,0,-16.35,1,0.125,0.88,1.87e-06,0.358,0.326,187.032,audio_features,4D1onn3bYtSFNJckD7XH5s,spotify:track:4D1onn3bYtSFNJckD7XH5s,https://api.spotify.com/v1/tracks/4D1onn3bYtSFNJckD7XH5s,https://api.spotify.com/v1/audio-analysis/4D1onn3bYtSFNJckD7XH5s,150163,4
0.459,0.221,0,-16.314,1,0.0933,0.862,3.36e-05,0.0876,0.504,180.469,audio_features,2ZN833xYwOtS2uPcTUAtuc,spotify:track:2ZN833xYwOtS2uPcTUAtuc,https://api.spotify.com/v1/tracks/2ZN833xYwOtS2uPcTUAtuc,https://api.spotify.com/v1/audio-analysis/2ZN833xYwOtS2uPcTUAtuc,96850,4
0.496,0.264,2,-13.817,1,0.0417,0.89,0.0,0.143,0.521,95.214,audio_features,4fDauID5MS5viDZa6NoExQ,spotify:track:4fDauID5MS5viDZa6NoExQ,https://api.spotify.com/v1/tracks/4fDauID5MS5viDZa6NoExQ,https://api.spotify.com/v1/audio-analysis/4fDauID5MS5viDZa6NoExQ,118538,5
0.524,0.243,8,-15.531,1,0.244,0.825,0.0,0.12,0.379,95.339,audio_features,46jhV1UirqBH92ygETOj3z,spotify:track:46jhV1UirqBH92ygETOj3z,https://api.spotify.com/v1/tracks/46jhV1UirqBH92ygETOj3z,https://api.spotify.com/v1/audio-analysis/46jhV1UirqBH92ygETOj3z,202966,3
0.357,0.298,10,-12.313,1,0.0351,0.834,0.000134,0.111,0.44,152.593,audio_features,5hptiZUG2pJwt53s8c7cDA,spotify:track:5hptiZUG2pJwt53s8c7cDA,https://api.spotify.com/v1/tracks/5hptiZUG2pJwt53s8c7cDA,https://api.spotify.com/v1/audio-analysis/5hptiZUG2pJwt53s8c7cDA,177333,4
0.656,0.402,11,-10.765,1,0.0268,0.308,0.0292,0.107,0.288,127.975,audio_features,6soRqi7x53yQINVVnwK0GU,spotify:track:6soRqi7x53yQINVVnwK0GU,https://api.spotify.com/v1/tracks/6soRqi7x53yQINVVnwK0GU,https://api.spotify.com/v1/audio-analysis/6soRqi7x53yQINVVnwK0GU,313313,4
0.531,0.468,8,-8.538,1,0.0319,0.176,0.0,0.149,0.322,119.966,audio_features,6YNl1rXbhKvmbMrw9cp3RQ,spotify:track:6YNl1rXbhKvmbMrw9cp3RQ,https://api.spotify.com/v1/tracks/6YNl1rXbhKvmbMrw9cp3RQ,https://api.spotify.com/v1/audio-analysis/6YNl1rXbhKvmbMrw9cp3RQ,311040,4
0.616,0.467,2,-11.719,1,0.0303,0.376,0.0962,0.138,0.312,124.022,audio_features,6JB0h4leDJ4Akabtu42Epd,spotify:track:6JB0h4leDJ4Akabtu42Epd,https://api.spotify.com/v1/tracks/6JB0h4leDJ4Akabtu42Epd,https://api.spotify.com/v1/audio-analysis/6JB0h4leDJ4Akabtu42Epd,302707,4
0.601,0.441,4,-8.946,1,0.0285,0.645,1.08e-06,0.0986,0.202,103.862,audio_features,500H9ENeR5AYbKU1ScK6ME,spotify:track:500H9ENeR5AYbKU1ScK6ME,https://api.spotify.com/v1/tracks/500H9ENeR5AYbKU1ScK6ME,https://api.spotify.com/v1/audio-analysis/500H9ENeR5AYbKU1ScK6ME,396507,4
0.638,0.461,7,-9.676,0,0.0595,0.569,0.0456,0.171,0.194,107.878,audio_features,5uh6GTGPeGwjVhmGLEXxrt,spotify:track:5uh6GTGPeGwjVhmGLEXxrt,https://api.spotify.com/v1/tracks/5uh6GTGPeGwjVhmGLEXxrt,https://api.spotify.com/v1/audio-analysis/5uh6GTGPeGwjVhmGLEXxrt,204265,4
0.486,0.509,1,-12.782,1,0.0418,0.99,0.544,0.107,0.694,144.146,audio_features,5nn3vaJSXVyE5FhxVS0vBk,spotify:track:5nn3vaJSXVyE5FhxVS0vBk,https://api.spotify.com/v1/tracks/5nn3vaJSXVyE5FhxVS0vBk,https://api.spotify.com/v1/audio-analysis/5nn3vaJSXVyE5FhxVS0vBk,428562,4
0.729,0.47,5,-15.277,0,0.23,0.00392,0.083,0.347,0.719,78.322,audio_features,5yMI5BKTaNOdtPM1RKPGOc,spotify:track:5yMI5BKTaNOdtPM1RKPGOc,https://api.spotify.com/v1/tracks/5yMI5BKTaNOdtPM1RKPGOc,https://api.spotify.com/v1/audio-analysis/5yMI5BKTaNOdtPM1RKPGOc,171180,4
0.551,0.55,10,-5.339,1,0.0286,0.777,0.0,0.202,0.342,101.19,audio_features,1Y3LN4zO1Edc2EluIoSPJN,spotify:track:1Y3LN4zO1Edc2EluIoSPJN,https://api.spotify.com/v1/tracks/1Y3LN4zO1Edc2EluIoSPJN,https://api.spotify.com/v1/audio-analysis/1Y3LN4zO1Edc2EluIoSPJN,176440,3
0.64,0.72,8,-7.711,1,0.0382,0.024,0.000225,0.0874,0.631,113.915,audio_features,3Jf6VmasyMYzr2EJBXpXQH,spotify:track:3Jf6VmasyMYzr2EJBXpXQH,https://api.spotify.com/v1/tracks/3Jf6VmasyMYzr2EJBXpXQH,https://api.spotify.com/v1/audio-analysis/3Jf6VmasyMYzr2EJBXpXQH,301627,4
0.431,0.741,0,-6.211,0,0.0442,0.669,3.84e-05,0.296,0.823,92.753,audio_features,1eH4sOhUg02F0dUgYMosKW,spotify:track:1eH4sOhUg02F0dUgYMosKW,https://api.spotify.com/v1/tracks/1eH4sOhUg02F0dUgYMosKW,https://api.spotify.com/v1/audio-analysis/1eH4sOhUg02F0dUgYMosKW,286616,4
0.756,0.716,6,-9.176,1,0.0677,0.204,1.83e-05,0.0765,0.757,119.935,audio_features,3U6sVwzUkHg9RdmcCRsZuC,spotify:track:3U6sVwzUkHg9RdmcCRsZuC,https://api.spotify.com/v1/tracks/3U6sVwzUkHg9RdmcCRsZuC,https://api.spotify.com/v1/audio-analysis/3U6sVwzUkHg9RdmcCRsZuC,329944,4
0.708,0.356,1,-9.738,1,0.075,0.437,6.54e-05,0.112,0.569,83.679,audio_features,4VhqKzBeAlhTjLYZr0oJx8,spotify:track:4VhqKzBeAlhTjLYZr0oJx8,https://api.spotify.com/v1/tracks/4VhqKzBeAlhTjLYZr0oJx8,https://api.spotify.com/v1/audio-analysis/4VhqKzBeAlhTjLYZr0oJx8,263185,4
0.455,0.247,7,-17.85,1,0.0333,0.13,0.000387,0.0718,0.0827,175.812,audio_features,2VbJADm28rn89sdn2QwzuZ,spotify:track:2VbJADm28rn89sdn2QwzuZ,https://api.spotify.com/v1/tracks/2VbJADm28rn89sdn2QwzuZ,https://api.spotify.com/v1/audio-analysis/2VbJADm28rn89sdn2QwzuZ,363973,4
0.284,0.266,5,-13.826,1,0.0349,0.931,0.0,0.341,0.325,171.911,audio_features,0PZO1Ih1qTQawy5Wc9B7zy,spotify:track:0PZO1Ih1qTQawy5Wc9B7zy,https://api.spotify.com/v1/tracks/0PZO1Ih1qTQawy5Wc9B7zy,https://api.spotify.com/v1/audio-analysis/0PZO1Ih1qTQawy5Wc9B7zy,538000,3
0.59,0.289,9,-16.584,0,0.729,0.98,0.000314,0.0968,0.358,90.563,audio_features,0432czMUYajdVkmmWSi3hB,spotify:track:0432czMUYajdVkmmWSi3hB,https://api.spotify.com/v1/tracks/0432czMUYajdVkmmWSi3hB,https://api.spotify.com/v1/audio-analysis/0432czMUYajdVkmmWSi3hB,148976,3
0.604,0.332,4,-14.78,0,0.941,0.874,0.0,0.0982,0.362,174.916,audio_features,4S02BuT8jS3HubZTaJLcYE,spotify:track:4S02BuT8jS3HubZTaJLcYE,https://api.spotify.com/v1/tracks/4S02BuT8jS3HubZTaJLcYE,https://api.spotify.com/v1/audio-analysis/4S02BuT8jS3HubZTaJLcYE,210991,3
0.33,0.2,0,-17.366,1,0.0493,0.928,0.00567,0.0759,0.0373,88.772,audio_features,2ytitxqQ7JehV0JadqjsJW,spotify:track:2ytitxqQ7JehV0JadqjsJW,https://api.spotify.com/v1/tracks/2ytitxqQ7JehV0JadqjsJW,https://api.spotify.com/v1/audio-analysis/2ytitxqQ7JehV0JadqjsJW,972000,4
0.643,0.332,0,-17.485,0,0.748,0.982,0.0,0.063,0.497,133.862,audio_features,1Td7UkUk2rGS0uZIGFAiU2,spotify:track:1Td7UkUk2rGS0uZIGFAiU2,https://api.spotify.com/v1/tracks/1Td7UkUk2rGS0uZIGFAiU2,https://api.spotify.com/v1/audio-analysis/1Td7UkUk2rGS0uZIGFAiU2,343980,4
0.404,0.491,2,-10.281,1,0.307,0.948,9.38e-05,0.0846,0.297,89.622,audio_features,6qazZiNmTh7yTMX02R4CwZ,spotify:track:6qazZiNmTh7yTMX02R4CwZ,https://api.spotify.com/v1/tracks/6qazZiNmTh7yTMX02R4CwZ,https://api.spotify.com/v1/audio-analysis/6qazZiNmTh7yTMX02R4CwZ,201744,3
0.5,0.522,3,-9.364,1,0.0299,0.866,0.962,0.134,0.187,126.026,audio_features,4ubJfvNBojgerF9oNtm95V,spotify:track:4ubJfvNBojgerF9oNtm95V,https://api.spotify.com/v1/tracks/4ubJfvNBojgerF9oNtm95V,https://api.spotify.com/v1/audio-analysis/4ubJfvNBojgerF9oNtm95V,236266,4
0.22,0.174,2,-14.427,1,0.0349,0.815,1.88e-05,0.0793,0.0527,93.992,audio_features,0DIuBwmp7bKm6CNn3WnZbW,spotify:track:0DIuBwmp7bKm6CNn3WnZbW,https://api.spotify.com/v1/tracks/0DIuBwmp7bKm6CNn3WnZbW,https://api.spotify.com/v1/audio-analysis/0DIuBwmp7bKm6CNn3WnZbW,167813,4
0.475,0.321,2,-17.509,1,0.0413,0.752,0.000173,0.12,0.418,102.58,audio_features,70ggxChIASnhSyQSTfSdTQ,spotify:track:70ggxChIASnhSyQSTfSdTQ,https://api.spotify.com/v1/tracks/70ggxChIASnhSyQSTfSdTQ,https://api.spotify.com/v1/audio-analysis/70ggxChIASnhSyQSTfSdTQ,334741,4
0.561,0.0369,1,-29.389,1,0.576,0.981,1.78e-05,0.311,0.297,71.595,audio_features,33HaB2bBLVvSByvj8FWkTS,spotify:track:33HaB2bBLVvSByvj8FWkTS,https://api.spotify.com/v1/tracks/33HaB2bBLVvSByvj8FWkTS,https://api.spotify.com/v1/audio-analysis/33HaB2bBLVvSByvj8FWkTS,4044520,3
0.72,0.585,11,-9.937,1,0.0427,0.305,0.000244,0.0603,0.737,79.99,audio_features,01O0Mn8PssyOkp9SVXMg9m,spotify:track:01O0Mn8PssyOkp9SVXMg9m,https://api.spotify.com/v1/tracks/01O0Mn8PssyOkp9SVXMg9m,https://api.spotify.com/v1/audio-analysis/01O0Mn8PssyOkp9SVXMg9m,218733,4
